Adjudicación_del_contrato_publicada_el,Compra_pública_innovadora,Código_CPV,Duración_del_contrato,Entidad_adjudicadora,Estado_de_la_licitación,Formalización_del_contrato_publicada_el,Formalización_del_contrato_publicada_en_BOCM_el,Importe_adjudicación_con_IVA,Importe_adjudicación_sin_IVA,NIF_adjudicatario,N_Lote,N_Ofertas,Nombre_o_razón_social_adjudicatario,Número_de_expediente,Objeto_del_contrato,Presupuesto_base_licitación_Importe_total,Presupuesto_base_licitación_sin_impuestos,Procedimiento_Adjudicación,Puntos_de_Información,Referencia,Resultado,Tipo_Publicación,Tipo_de_contrato,Tipo_resolución,Valor_estimado_sin_IVA,plazo,url
11 noviembre 2022 ,No,"38430000-8, 33696500-0",12 Meses,"
Consejería de Sanidad
",Abierto,,,"282.928,25",233.825,A08099681,0,1,ABBOTT LABORATORIES S.A.,A/SUM-034750/2022,Suministro de analizadores portátiles y cartuchos exclus GAAP,"282.925,87 euros
","233.823,03 euros","
Negociado sin publicidad
","
Obtención de  información:",4866511,Adjudicado,"
Contratos adjudicados por procedimientos sin publicidad",,,260.450 euros,Plazo indefinido ,https://www.madrid.org//cs/Satellite?c=CM_ConvocaPrestac_FA&cid=1354951461742&definicion=Contratos+Publicos&idPagina=1224915242285&language=es&op2=PCON&pagename=PortalContratacion%2FPage%2FPCON_contratosPublicos&tipoServicio=CM_ConvocaPrestac_FA
11 noviembre 2022 ,,92310000-7,7 Días,"
Consejería de Cultura, Turismo y Deporte
",Abierto,,,132.174,132.174,Q28180224H,1,1,INSTITUTO NACIONAL DE LAS ARTES ESCÉNICAS Y DE LA MÚSICA,NSP074/2022,"Contrato de exhibicion de Where you are I feel/ Love, fear, loss/ Passengers within","132.174 euros
",132.174 euros,"
Negociado sin publicidad
",,4845808,Adjudicado,"
Contratos adjudicados por procedimientos sin publicidad",,,132.174 euros,Plazo indefinido ,https://www.madrid.org//cs/Satellite?c=CM_ConvocaPrestac_FA&cid=1354950126049&definicion=Contratos+Publicos&idPagina=1224915242285&language=es&op2=PCON&pagename=PortalContratacion%2FPage%2FPCON_contratosPublicos&tipoServicio=CM_ConvocaPrestac_FA
,,92310000-7,2 Días,"
Consejería de Cultura, Turismo y Deporte
",Abierto,,,,,,,,,NSP076/2022,Contrato de exhibición Dans la mesure de l´impossible,"31.526,32 euros
","31.526,32 euros","
Negociado sin publicidad
",,4846000,,"
Contratos adjudicados por procedimientos sin publicidad",,,"31.526,32 euros",Plazo indefinido ,https://www.madrid.org//cs/Satellite?c=CM_ConvocaPrestac_FA&cid=1354951163050&definicion=Contratos+Publicos&idPagina=1224915242285&language=es&op2=PCON&pagename=PortalContratacion%2FPage%2FPCON_contratosPublicos&tipoServicio=CM_ConvocaPrestac_FA
24 octubre 2022 ,,33600000-6,24 Meses,"
Consejería de Sanidad
",Abierto,,,"228.651,7","219.857,4",A28228526,1,1,"Glaxosmithkline, S.A.",P.N.S.P. 20/2022 HUP,Medicamentos: Niraparib,"262.818,02 euros
","252.709,63 euros","
Negociado sin publicidad
",,4824997,Adjudicado,"
Contratos adjudicados por procedimientos sin publicidad",,,"631.774,08 euros",Plazo indefinido ,https://www.madrid.org//cs/Satellite?c=CM_ConvocaPrestac_FA&cid=1354947589501&definicion=Contratos+Publicos&idPagina=1224915242285&language=es&op2=PCON&pagename=PortalContratacion%2FPage%2FPCON_contratosPublicos&tipoServicio=CM_ConvocaPrestac_FA
,No,33140000-3,24 Meses,"
Consejería de Sanidad
",Abierto,,,58.622,58.622,N0175242G,,1,"AEA, SRL",PNSP 2021-1-143,Suministro de fungible para el Sistema Apoteca de distribución exclusiva para el Servicio de Farmacia del HCSC,"58.622 euros
",58.622 euros,"
Negociado sin publicidad
","
Hospital Clínico San Carñps
",4821265,Adjudicado,"
Contratos adjudicados por procedimientos sin publicidad",,,"158.279,4 euros",Plazo indefinido ,https://www.madrid.org//cs/Satellite?c=CM_ConvocaPrestac_FA&cid=1354947153345&definicion=Contratos+Publicos&idPagina=1224915242285&language=es&op2=PCON&pagename=PortalContratacion%2FPage%2FPCON_contratosPublicos&tipoServicio=CM_ConvocaPrestac_FA
,,92310000-7,7 Días,"
Consejería de Cultura, Turismo y Deporte
",Abierto,,,,,,,,,NSP068/2022,Contrato de exhibición de El Cascanueces de Blanca Li,"75.750,6 euros
","75.750,6 euros","
Negociado sin publicidad
",,4821219,,"
Contratos adjudicados por procedimientos sin publicidad",,,"75.750,6 euros",Plazo indefinido ,https://www.madrid.org//cs/Satellite?c=CM_ConvocaPrestac_FA&cid=1354946950075&definicion=Contratos+Publicos&idPagina=1224915242285&language=es&op2=PCON&pagename=PortalContratacion%2FPage%2FPCON_contratosPublicos&tipoServicio=CM_ConvocaPrestac_FA
,No,32232000-8,120 Días,"
Vicepresidencia, Consejería de Educación y Universidades
",Abierto,,,"12.176.567,29","10.063.278,75",B83029439),,9,"BETCHLE DIRECT, S.L.U.",BAC05/2022,MRR/PVII/C19/I2 Suministro e instalación de kit de sistemas de videconferencia (75 pulgadas) para centros educativos,"19.440.918,75 euros
",16.066.875 euros,"
Derivado de acuerdo marco
",,4825080,Adjudicado,"
Contratos adjudicados por procedimientos sin publicidad",,,16.066.875 euros,Plazo indefinido ,https://www.madrid.org//cs/Satellite?c=CM_ConvocaPrestac_FA&cid=1354948129320&definicion=Contratos+Publicos&idPagina=1224915242285&language=es&op2=PCON&pagename=PortalContratacion%2FPage%2FPCON_contratosPublicos&tipoServicio=CM_ConvocaPrestac_FA
,No,30213200-7,75 Días,"
Vicepresidencia, Consejería de Educación y Universidades
",Abierto,,,"1.420.964,71",1.174.351,A28634046,,6,"ALGORITMOS, PROCESOS Y DISEÑOS, S.A.",BAC13/2022,MRR/PVII/C19/I2 Suministro 7.300 tabletas digitales (wifi) con MDM para alumnos y aulas de informática de centros educativos,"1.943.260 euros
",1.606.000 euros,"
Derivado de acuerdo marco
",,4825082,Adjudicado,"
Contratos adjudicados por procedimientos sin publicidad",,,1.606.000 euros,Plazo indefinido ,https://www.madrid.org//cs/Satellite?c=CM_ConvocaPrestac_FA&cid=1354948134267&definicion=Contratos+Publicos&idPagina=1224915242285&language=es&op2=PCON&pagename=PortalContratacion%2FPage%2FPCON_contratosPublicos&tipoServicio=CM_ConvocaPrestac_FA
19 octubre 2022 ,No,33652300-8,24 Meses,"
Consejería de Sanidad
",Abierto,,,"847.791,36",815.184,A08338279,,1,"UCB PHARMA, S.A.",PNSP HUPA 113/22,Suministro de medicamentos Cimzia pluma 200 mg / 1 ml para el Hospital Universitario Príncipe de Asturias,"847.791,36 euros
",815.184 euros,"
Negociado sin publicidad
","
Obtención de documentación e información: ",4825154,Adjudicado,"
Contratos adjudicados por procedimientos sin publicidad",,,"1.467.331,2 euros",Plazo indefinido ,https://www.madrid.org//cs/Satellite?c=CM_ConvocaPrestac_FA&cid=1354948527087&definicion=Contratos+Publicos&idPagina=1224915242285&language=es&op2=PCON&pagename=PortalContratacion%2FPage%2FPCON_contratosPublicos&tipoServicio=CM_ConvocaPrestac_FA
28 octubre 2022 ,No,33651400-2,24 Meses,"
Consejería de Sanidad
",Abierto,,,"157.295,08","151.245,27",A28925899,,1,"JANSSEN CILAG, S.A.",PNSP HUPA 119/22,Suministrro de medicamentos Rezolsta comp 800/150 mg para el Hospital Universitario Príncipe de Asturias,"157.295,08 euros
","151.245,27 euros","
Negociado sin publicidad
","
Obtención de documentación e información: ",4845754,Adjudicado,"
Contratos adjudicados por procedimientos sin publicidad",,,"272.241,49 euros",Plazo indefinido ,https://www.madrid.org//cs/Satellite?c=CM_ConvocaPrestac_FA&cid=1354949758900&definicion=Contratos+Publicos&idPagina=1224915242285&language=es&op2=PCON&pagename=PortalContratacion%2FPage%2FPCON_contratosPublicos&tipoServicio=CM_ConvocaPrestac_FA
,No,30213300-8,75 Días,"
Vicepresidencia, Consejería de Educación y Universidades
",Abierto,,,"1.074.782,5",888.250,B83029439),,3,"BETCHLE DIRECT, S.L.U,",BAC08/2022,"MRR/PVII/C19/I2 Suministro 5.000 monitores de 23,6 pulgadas sobremesa para centros educativos","1.100.313,5 euros
",909.350 euros,"
Derivado de acuerdo marco
",,4820801,Adjudicado,"
Contratos adjudicados por procedimientos sin publicidad",,,909.350 euros,Plazo indefinido ,https://www.madrid.org//cs/Satellite?c=CM_ConvocaPrestac_FA&cid=1354944535796&definicion=Contratos+Publicos&idPagina=1224915242285&language=es&op2=PCON&pagename=PortalContratacion%2FPage%2FPCON_contratosPublicos&tipoServicio=CM_ConvocaPrestac_FA
,No,30213300-8,75 Días,"
Vicepresidencia, Consejería de Educación y Universidades
",Abierto,,,,,,,,,BAC072022,MRR/PVII/C19/I2 Suministro 5.000 ordenadores de sobremesa estándar para centros educativos,"3.048.413,5 euros
",2.519.350 euros,"
Derivado de acuerdo marco
",,4820800,,"
Contratos adjudicados por procedimientos sin publicidad",,,2.519.350 euros,Plazo indefinido ,https://www.madrid.org//cs/Satellite?c=CM_ConvocaPrestac_FA&cid=1354944535058&definicion=Contratos+Publicos&idPagina=1224915242285&language=es&op2=PCON&pagename=PortalContratacion%2FPage%2FPCON_contratosPublicos&tipoServicio=CM_ConvocaPrestac_FA
09 agosto 2022 ,No,,75 Días,"
Consejería de Sanidad
",Abierto,05 septiembre 2022 ,,"325.146,08","271.969,9",A78823234,0,1,"CONSTRUCCIONES ARRIBAS GOZALO, S.A",A/OBR-034011/2022,Obras de demolición y retirada de escombros del CEP Fuencarral,"325.146,8 euros
",271.969 euros,"
Otros procedimientos: Tramitación Emergencia
",,4820806,Adjudicado,"
Contratos adjudicados por procedimientos sin publicidad",,Formalizado,271.969 euros,Plazo indefinido ,https://www.madrid.org//cs/Satellite?c=CM_ConvocaPrestac_FA&cid=1354944590599&definicion=Contratos+Publicos&idPagina=1224915242285&language=es&op2=PCON&pagename=PortalContratacion%2FPage%2FPCON_contratosPublicos&tipoServicio=CM_ConvocaPrestac_FA
30 septiembre 2022 ,No,33140000-3,24 Meses,"
Consejería de Sanidad
",Abierto,11 noviembre 2022 ,,"60.249,53",49.793, A28389484,,1,"MEDTRONIC IBERICA, S.A. A28389484",PNSP 2022-1-012,Suministro de material fungible del Motor MR8 con destino al Servicio de Otorrinolaringología del HCSC,"67.856,8 euros
",56.080 euros,"
Negociado sin publicidad
",,4821089,Formalizado,"
Contratos adjudicados por procedimientos sin publicidad",,Formalizado,"151,416 euros",Plazo indefinido ,https://www.madrid.org//cs/Satellite?c=CM_ConvocaPrestac_FA&cid=1354946134484&definicion=Contratos+Publicos&idPagina=1224915242285&language=es&op2=PCON&pagename=PortalContratacion%2FPage%2FPCON_contratosPublicos&tipoServicio=CM_ConvocaPrestac_FA
,,33190000-8,1 Meses,"
Consejería de Sanidad
",Abierto,,,,,,,,,GPNSU 2022-26,Suministro de equipamiento para radiación corporal total en el Hospital Universitario Puerta de Hierro de Majadahonda,"192.106,07 euros
","158.765,35 euros","
Negociado sin publicidad
","
Hospital Universitario Puerta de Hierro de Majadahonda. Servicio de Contratación Administrativa. C/ Joaquín Rodrigo, 2. 28222. Majadahonda.Teléfono: 91 191 68 37 / 91 191 72 55 / 91 191 74 34 / 91 191 74 00. Telefax: 91 316 28 48.",4821008,,"
Contratos adjudicados por procedimientos sin publicidad",,,"158.765,35 euros",Plazo indefinido ,https://www.madrid.org//cs/Satellite?c=CM_ConvocaPrestac_FA&cid=1354945677821&definicion=Contratos+Publicos&idPagina=1224915242285&language=es&op2=PCON&pagename=PortalContratacion%2FPage%2FPCON_contratosPublicos&tipoServicio=CM_ConvocaPrestac_FA
02 noviembre 2022 ,,33600000-6,24 Meses,"
Consejería de Sanidad
",Abierto,,,"149.057,13","143.324,16",A28925899,1,1,"Janssen Cilag, S.A.",P.N.S.P. 22/2022 HUP,Medicamentos: Macitentan y Selexipag,"224.887,36 euros
","216.237,84 euros","
Negociado sin publicidad
",,4820862,Adjudicado,"
Contratos adjudicados por procedimientos sin publicidad",,,"540.594,6 euros",Plazo indefinido ,https://www.madrid.org//cs/Satellite?c=CM_ConvocaPrestac_FA&cid=1354944739435&definicion=Contratos+Publicos&idPagina=1224915242285&language=es&op2=PCON&pagename=PortalContratacion%2FPage%2FPCON_contratosPublicos&tipoServicio=CM_ConvocaPrestac_FA
22 julio 2022 ,No,33600000-6,24 Meses,"
Consejería de Sanidad
",Abierto,22 julio 2022 ,26 agosto 2022 ,"206.439,04","198.499,08",A36002129,,1,"ASTRAZENECA FARMACÉUTICA SPAIN, S.A.",PNSP HUPA 112/21,Suministro de Medicamentos Fasenra pluma 30 mg para el Hospital Universitario Príncipe de Asturias,"206.439,04 euros
","198.499,08 euros","
Negociado sin publicidad
","
Obtención de documentación e información: ",4693591,Formalizado,"
Contratos adjudicados por procedimientos sin publicidad",,Formalizado,"317.598,53 euros",Plazo indefinido ,https://www.madrid.org//cs/Satellite?c=CM_ConvocaPrestac_FA&cid=1354937668088&definicion=Contratos+Publicos&idPagina=1224915242285&language=es&op2=PCON&pagename=PortalContratacion%2FPage%2FPCON_contratosPublicos&tipoServicio=CM_ConvocaPrestac_FA
02 noviembre 2022 ,,33600000-6,24 Meses,"
Consejería de Sanidad
",Abierto,,,"75.830,23","72.913,68",A28925899,2,1,"Janssen Cilag, S.A.",P.N.S.P. 22/2022 HUP,Medicamentos: Macitentan y Selexipag,"224.887,36 euros
","216.237,84 euros","
Negociado sin publicidad
",,4820862,Adjudicado,"
Contratos adjudicados por procedimientos sin publicidad",,,"540.594,6 euros",Plazo indefinido ,https://www.madrid.org//cs/Satellite?c=CM_ConvocaPrestac_FA&cid=1354944739435&definicion=Contratos+Publicos&idPagina=1224915242285&language=es&op2=PCON&pagename=PortalContratacion%2FPage%2FPCON_contratosPublicos&tipoServicio=CM_ConvocaPrestac_FA
05 septiembre 2022 ,No,33690000-3,24 Meses,"
Consejería de Sanidad
",Abierto,19 octubre 2022 ,04 noviembre 2022 ,"1.350.616,61","1.298.669,82",A36002129,,1,ASTRAZENECA FARMACEUTICA SPAIN,PNSP SUM 21-13,"Suministro de medicamentos exclusivos Durvalumab, Osimertinib y Olaparib de Astrazeneca., para el Hospital Universitario de Fuenlabrada","1.474.879,9 euros
","1.418.153,75 euros","
Negociado sin publicidad
",,4820483,Formalizado,"
Contratos adjudicados por procedimientos sin publicidad",,,"4.254.461,25 euros",Plazo indefinido ,https://www.madrid.org//cs/Satellite?c=CM_ConvocaPrestac_FA&cid=1354942684189&definicion=Contratos+Publicos&idPagina=1224915242285&language=es&op2=PCON&pagename=PortalContratacion%2FPage%2FPCON_contratosPublicos&tipoServicio=CM_ConvocaPrestac_FA
22 julio 2022 ,No,33652300-8,24 Meses,"
Consejería de Sanidad
",Abierto,22 julio 2022 ,23 agosto 2022 ,"251.674,59","241.994,8",A28058386,,1,"LILLY, S.A.",PNSP HUPA 61/21,Suministro de Medicamentos Taltz pluma 80 mg para el Hospital Universitario Príncipe de Asturias,"251.674,59 euros
","241.994,8 euros","
Negociado sin publicidad
","
Obtención de documentación e información: ",4693589,Formalizado,"
Contratos adjudicados por procedimientos sin publicidad",,Formalizado,"387.191,68 euros",Plazo indefinido ,https://www.madrid.org//cs/Satellite?c=CM_ConvocaPrestac_FA&cid=1354937663473&definicion=Contratos+Publicos&idPagina=1224915242285&language=es&op2=PCON&pagename=PortalContratacion%2FPage%2FPCON_contratosPublicos&tipoServicio=CM_ConvocaPrestac_FA
09 agosto 2022 ,No,50430000-8,36 Meses,"
Consejería de Sanidad
",Abierto,28 septiembre 2022 ,,642.510,531.000,A58710740,,1,PALEX MEDICAL S.A.,PNSP 2022-5-211,Servicio de mantenimiento del robot quirúrgico Da Vinci,"642.510 euros
",531.000 euros,"
Negociado sin publicidad
",,4724335,Formalizado,"
Contratos adjudicados por procedimientos sin publicidad",,,708.000 euros,Plazo indefinido ,https://www.madrid.org//cs/Satellite?c=CM_ConvocaPrestac_FA&cid=1354939549527&definicion=Contratos+Publicos&idPagina=1224915242285&language=es&op2=PCON&pagename=PortalContratacion%2FPage%2FPCON_contratosPublicos&tipoServicio=CM_ConvocaPrestac_FA
,No,33140000-3,24 Meses,"
Consejería de Sanidad
",Abierto,,,"88.833,36",73.416,A48464788,1,1,"AJL OPHTALMIC, S.A.",2022400026,Contrato Laringoscopio intubación díficil desechable para el Hospital Universitario Ramón y Cajal,"89.056 euros
",73.600 euros,"
Licitación con negociación
","
",4693165,Adjudicado,"
Contratos adjudicados por procedimientos sin publicidad",,,184.000 euros,Plazo indefinido ,https://www.madrid.org//cs/Satellite?c=CM_ConvocaPrestac_FA&cid=1354936835039&definicion=Contratos+Publicos&idPagina=1224915242285&language=es&op2=PCON&pagename=PortalContratacion%2FPage%2FPCON_contratosPublicos&tipoServicio=CM_ConvocaPrestac_FA
13 julio 2022 ,No,33600000-6,24 Meses,"
Consejería de Sanidad
",Abierto,16 agosto 2022 ,26 agosto 2022 ,173.160,166.500,A08707234,,1,"FERRER FARMA, S.A.",PNSP HUPA 129/21,Suministro de Medicamentos Cleviprex vial 25 mg para el Hospital Universitario Príncipe de Asturias,"173.160 euros
",166.500 euros,"
Negociado sin publicidad
","
Obtención de documentación e información: ",4690455,Adjudicado,"
Contratos adjudicados por procedimientos sin publicidad",,Formalizado,266.400 euros,Plazo indefinido ,https://www.madrid.org//cs/Satellite?c=CM_ConvocaPrestac_FA&cid=1354936163440&definicion=Contratos+Publicos&idPagina=1224915242285&language=es&op2=PCON&pagename=PortalContratacion%2FPage%2FPCON_contratosPublicos&tipoServicio=CM_ConvocaPrestac_FA
,No,32232000-8,120 Días,"
Vicepresidencia, Consejería de Educación y Universidades
",Abierto,,,1.881.550,1.555.000,A28634046,,10,"ALGORITMOS, PROCESOS Y DISEÑOS, S.A",BAC04/2022,MRR/PVII/C19/I2 Suministro e instalación de kit de sistemas de videconferencia para centros educativos,"3.150.869,04 euros
",2.604.024 euros,"
Derivado de acuerdo marco
",,4629936,Adjudicado,"
Contratos adjudicados por procedimientos sin publicidad",,,2.604.024 euros,Plazo indefinido ,https://www.madrid.org//cs/Satellite?c=CM_ConvocaPrestac_FA&cid=1354932399338&definicion=Contratos+Publicos&idPagina=1224915242285&language=es&op2=PCON&pagename=PortalContratacion%2FPage%2FPCON_contratosPublicos&tipoServicio=CM_ConvocaPrestac_FA
,No,85310000-5,2 Meses,"
Consejería de Familia, Juventud y Política Social
",Abierto,,,"205.180,03","169.570,27",Q2866001G,,1,CRUZ ROJA ESPAÑOLA EN LA COMUNIDAD DE MADRID,171b/2022,Prestación de servicios auxiliares para la atención de personas en protección temporal procedentes de Ucrania en los albergues Juveniles de la Comunidad de Madrid,"205.180,03 euros
","169.570,27 euros","
Otros procedimientos: Tramitación de emergencia
",,4693821,Formalizado,"
Contratos adjudicados por procedimientos sin publicidad",,Formalizado,"169.570,27 euros",Plazo indefinido ,https://www.madrid.org//cs/Satellite?c=CM_ConvocaPrestac_FA&cid=1354939067140&definicion=Contratos+Publicos&idPagina=1224915242285&language=es&op2=PCON&pagename=PortalContratacion%2FPage%2FPCON_contratosPublicos&tipoServicio=CM_ConvocaPrestac_FA
,No,85310000-5,6 Meses,"
Consejería de Familia, Juventud y Política Social
",Abierto,,,"583.231,01","583.231,01",B85720290,,2,ONTIME TRANSPORTE Y LOGÍSTICA S.L.,175/2022,"Recogida y transporte de ayuda humanitaria para Ucrania, con motivo de la campaña de solidaridad ""Ucrania te necesita""","583.231,01 euros
","583.231,01 euros","
Otros procedimientos: Tramitación de emergencia
",,4724415,Formalizado,"
Contratos adjudicados por procedimientos sin publicidad",,Formalizado,"583.231,01 euros",Plazo indefinido ,https://www.madrid.org//cs/Satellite?c=CM_ConvocaPrestac_FA&cid=1354939886650&definicion=Contratos+Publicos&idPagina=1224915242285&language=es&op2=PCON&pagename=PortalContratacion%2FPage%2FPCON_contratosPublicos&tipoServicio=CM_ConvocaPrestac_FA
,No,85310000-5,5 Meses,"
Consejería de Familia, Juventud y Política Social
",Abierto,,,256.122,256.122,G85130771,,1,FUNDACIÓN LUZ CASANOVA,172/2022,"Servicio para la gestión de un dispositivo de alojamiento de emergencia, para mujeres especializado en sinhogarismo desde la vulnerabilidad específica de género","256.122 euros
",256.122 euros,"
Otros procedimientos: Tramitación de emergencia
",,4693822,Formalizado,"
Contratos adjudicados por procedimientos sin publicidad",,Formalizado,256.122 euros,Plazo indefinido ,https://www.madrid.org//cs/Satellite?c=CM_ConvocaPrestac_FA&cid=1354939071247&definicion=Contratos+Publicos&idPagina=1224915242285&language=es&op2=PCON&pagename=PortalContratacion%2FPage%2FPCON_contratosPublicos&tipoServicio=CM_ConvocaPrestac_FA
24 octubre 2022 ,,33600000-6,24 Meses,"
Consejería de Sanidad
",Abierto,,,"560.761,34","539.193,6",A28211092,1,1,"Merck Sharp & Dohme de España, S.A.",P.N.S.P. 15/2022 HUP,"Medicamentos: Golimumab, Tedizolid fosfato, Ceftolozano+Tazobactam y Bezlotoxumab","1.708.123,02 euros
","1.642.425,98 euros","
Negociado sin publicidad
",,4681803,Adjudicado,"
Contratos adjudicados por procedimientos sin publicidad",,,"4.106.064,95 euros",Plazo indefinido ,https://www.madrid.org//cs/Satellite?c=CM_ConvocaPrestac_FA&cid=1354935509595&definicion=Contratos+Publicos&idPagina=1224915242285&language=es&op2=PCON&pagename=PortalContratacion%2FPage%2FPCON_contratosPublicos&tipoServicio=CM_ConvocaPrestac_FA
24 octubre 2022 ,,33600000-6,24 Meses,"
Consejería de Sanidad
",Abierto,,,"780.737,78","750.709,4",A28211092,2,1,"Merck Sharp & Dohme de España, S.A.",P.N.S.P. 15/2022 HUP,"Medicamentos: Golimumab, Tedizolid fosfato, Ceftolozano+Tazobactam y Bezlotoxumab","1.708.123,02 euros
","1.642.425,98 euros","
Negociado sin publicidad
",,4681803,Adjudicado,"
Contratos adjudicados por procedimientos sin publicidad",,,"4.106.064,95 euros",Plazo indefinido ,https://www.madrid.org//cs/Satellite?c=CM_ConvocaPrestac_FA&cid=1354935509595&definicion=Contratos+Publicos&idPagina=1224915242285&language=es&op2=PCON&pagename=PortalContratacion%2FPage%2FPCON_contratosPublicos&tipoServicio=CM_ConvocaPrestac_FA
24 octubre 2022 ,,33600000-6,24 Meses,"
Consejería de Sanidad
",Abierto,,,"122.123,98","117.426,9",A28211092,3,1,"Merck Sharp & Dohme de España, S.A.",P.N.S.P. 15/2022 HUP,"Medicamentos: Golimumab, Tedizolid fosfato, Ceftolozano+Tazobactam y Bezlotoxumab","1.708.123,02 euros
","1.642.425,98 euros","
Negociado sin publicidad
",,4681803,Adjudicado,"
Contratos adjudicados por procedimientos sin publicidad",,,"4.106.064,95 euros",Plazo indefinido ,https://www.madrid.org//cs/Satellite?c=CM_ConvocaPrestac_FA&cid=1354935509595&definicion=Contratos+Publicos&idPagina=1224915242285&language=es&op2=PCON&pagename=PortalContratacion%2FPage%2FPCON_contratosPublicos&tipoServicio=CM_ConvocaPrestac_FA
24 octubre 2022 ,,33600000-6,24 Meses,"
Consejería de Sanidad
",Abierto,,,"155.668,43","149.681,18",A28211092,4,1,"Merck Sharp & Dohme de España, S.A.",P.N.S.P. 15/2022 HUP,"Medicamentos: Golimumab, Tedizolid fosfato, Ceftolozano+Tazobactam y Bezlotoxumab","1.708.123,02 euros
","1.642.425,98 euros","
Negociado sin publicidad
",,4681803,Adjudicado,"
Contratos adjudicados por procedimientos sin publicidad",,,"4.106.064,95 euros",Plazo indefinido ,https://www.madrid.org//cs/Satellite?c=CM_ConvocaPrestac_FA&cid=1354935509595&definicion=Contratos+Publicos&idPagina=1224915242285&language=es&op2=PCON&pagename=PortalContratacion%2FPage%2FPCON_contratosPublicos&tipoServicio=CM_ConvocaPrestac_FA
24 octubre 2022 ,,33600000-6,24 Meses,"
Consejería de Sanidad
",Abierto,,,"88.831,39","85.414,8",A28211092,5,1,"Merck Sharp & Dohme de España, S.A.",P.N.S.P. 15/2022 HUP,"Medicamentos: Golimumab, Tedizolid fosfato, Ceftolozano+Tazobactam y Bezlotoxumab","1.708.123,02 euros
","1.642.425,98 euros","
Negociado sin publicidad
",,4681803,Adjudicado,"
Contratos adjudicados por procedimientos sin publicidad",,,"4.106.064,95 euros",Plazo indefinido ,https://www.madrid.org//cs/Satellite?c=CM_ConvocaPrestac_FA&cid=1354935509595&definicion=Contratos+Publicos&idPagina=1224915242285&language=es&op2=PCON&pagename=PortalContratacion%2FPage%2FPCON_contratosPublicos&tipoServicio=CM_ConvocaPrestac_FA
22 julio 2022 ,No,33652100-6,24 Meses,"
Consejería de Sanidad
",Abierto,22 julio 2022 ,23 agosto 2022 ,"325.573,46","131.051,4",B87350534,,1,"INTERCEPT PHARMA SPAIN, S.L.",PNSP HUPA 146/21,Suministro de Medicamentos Ocaliva comp 5 mg y Ocaliva comp 10 mg para el Hospital Universitario Príncipe de Asturias,"325.573,46 euros
","313.051,4 euros","
Negociado sin publicidad
","
Obtención de documentación e información: ",4693597,Formalizado,"
Contratos adjudicados por procedimientos sin publicidad",,Formalizado,"500.882,24 euros",Plazo indefinido ,https://www.madrid.org//cs/Satellite?c=CM_ConvocaPrestac_FA&cid=1354937684704&definicion=Contratos+Publicos&idPagina=1224915242285&language=es&op2=PCON&pagename=PortalContratacion%2FPage%2FPCON_contratosPublicos&tipoServicio=CM_ConvocaPrestac_FA
26 julio 2022 ,No,80000000-4,5 Meses,"
Vicepresidencia, Consejería de Educación y Universidades
",Abierto,,,"2.596.222,75","2.145.638,64",N8265875H,1,2,UNIVERSITY OF CAMBRIDGE LOCAL EXAMINATIONS SYNDICATE (UCLES),A/SER-017187/2022 (C-322O-003-22) , Pruebas Bilingüismo 6º Primaria Curso 2021-2022 N/P,"2.596.222,75 euros
","2.145.638,64 euros","
Negociado sin publicidad
","
Obtención de documentación e información:
",4693435,Adjudicado,"
Contratos adjudicados por procedimientos sin publicidad",,,"2.574.766,37 euros",Plazo indefinido ,https://www.madrid.org//cs/Satellite?c=CM_ConvocaPrestac_FA&cid=1354936878715&definicion=Contratos+Publicos&idPagina=1224915242285&language=es&op2=PCON&pagename=PortalContratacion%2FPage%2FPCON_contratosPublicos&tipoServicio=CM_ConvocaPrestac_FA
29 julio 2022 ,No,80000000-4,5 Meses,"
Vicepresidencia, Consejería de Educación y Universidades
",Abierto,,,"2.872.127,4","2.373.659,01",N6061694C,,2,"TRYNITY COLLEGE LONDON,S.L.",A/SER-020268/2022 (C-322O-007-22) , Pruebas Bilingüismo 4º ESO Curso 2021-2022 N/P,"2.872.127,4 euros
","2.373.659,01 euros","
Negociado sin publicidad
","
Obtención de documentación e información:
",4693445,Adjudicado,"
Contratos adjudicados por procedimientos sin publicidad",,,"2.848.390,81 euros",Plazo indefinido ,https://www.madrid.org//cs/Satellite?c=CM_ConvocaPrestac_FA&cid=1354936916768&definicion=Contratos+Publicos&idPagina=1224915242285&language=es&op2=PCON&pagename=PortalContratacion%2FPage%2FPCON_contratosPublicos&tipoServicio=CM_ConvocaPrestac_FA
,,38970000-5,5 Meses,"
Fundaciones
",Abierto,,,,,,,,,S333E22E,"Suministro, instalación y puesta en marcha de un láser de femtosegundos con un amplificador óptico paramétrico sintonizable automático.","496.100 euros
",410.000 euros,"
Negociado sin publicidad
",,4690532,,"
Contratos adjudicados por procedimientos sin publicidad",,,410.000 euros,Plazo indefinido ,https://www.madrid.org//cs/Satellite?c=CM_ConvocaPrestac_FA&cid=1354936469350&definicion=Contratos+Publicos&idPagina=1224915242285&language=es&op2=PCON&pagename=PortalContratacion%2FPage%2FPCON_contratosPublicos&tipoServicio=CM_ConvocaPrestac_FA
,No,30213100-6,75 Días,"
Vicepresidencia, Consejería de Educación y Universidades
",Abierto,,,"3.893.931,86","3.218.125,5",A28793917,,6,"COMPUSOF, S.A.,",BAC09/2022,MRR/PVII/C19/I2 -Adquisición de 7038 portátiles ultraligeros estandar-14”,"5.356.551,42 euros
",4.426.902 euros,"
Derivado de acuerdo marco
",,4612962,Adjudicado,"
Contratos adjudicados por procedimientos sin publicidad",,,4.426.902 euros,Plazo indefinido ,https://www.madrid.org//cs/Satellite?c=CM_ConvocaPrestac_FA&cid=1354929939773&definicion=Contratos+Publicos&idPagina=1224915242285&language=es&op2=PCON&pagename=PortalContratacion%2FPage%2FPCON_contratosPublicos&tipoServicio=CM_ConvocaPrestac_FA
,,09123000-7,1 Años,"
Consejería de Medio Ambiente, Vivienda y Agricultura
",Abierto,,,"9.606.828,92","7.939.528,03",A61797536,2,2,"GAS NATURAL COMERCIALIZADORA, S.A.",93/2022,Suministro de  gas natural a las plantas de sur y Loeches,"38.539.504,3 euros
",31.850.830 euros,"
Negociado sin publicidad
",,4629135,Formalizado,"
Contratos adjudicados por procedimientos sin publicidad",,,32.903.750 euros,Plazo indefinido ,https://www.madrid.org//cs/Satellite?c=CM_ConvocaPrestac_FA&cid=1354931132748&definicion=Contratos+Publicos&idPagina=1224915242285&language=es&op2=PCON&pagename=PortalContratacion%2FPage%2FPCON_contratosPublicos&tipoServicio=CM_ConvocaPrestac_FA
13 junio 2022 ,,33100000-1,12 Meses,"
Consejería de Sanidad
",Abierto,,,1.754.863,1.450.300,B60805769,1,1,"SIEMENS HEALTHCARE, S.L.U.",A.M. 2021/101,"Suministro,respetuoso con el medio ambiente, de equipos de Radiología Vascular Intervencionista y Neurovascular Intervencionista, para varias Comunidades Autónomas, y Organismos de la Administración General del Estado","2.980.438,12 euros
",2.463.172 euros,"
Derivado de acuerdo marco
",,4629198,Adjudicado,"
Contratos adjudicados por procedimientos sin publicidad",,,,Plazo indefinido ,https://www.madrid.org//cs/Satellite?c=CM_ConvocaPrestac_FA&cid=1354931493274&definicion=Contratos+Publicos&idPagina=1224915242285&language=es&op2=PCON&pagename=PortalContratacion%2FPage%2FPCON_contratosPublicos&tipoServicio=CM_ConvocaPrestac_FA
,,09123000-7,1 Años,"
Consejería de Medio Ambiente, Vivienda y Agricultura
",Abierto,,,"17.664.992,43","14.599.167,3",A61797536,1,2,"GAS NATURAL COMERCIALIZADORA, S.A.",93/2022,Suministro de  gas natural a las plantas de sur y Loeches,"38.539.504,3 euros
",31.850.830 euros,"
Negociado sin publicidad
",,4629135,Formalizado,"
Contratos adjudicados por procedimientos sin publicidad",,,32.903.750 euros,Plazo indefinido ,https://www.madrid.org//cs/Satellite?c=CM_ConvocaPrestac_FA&cid=1354931132748&definicion=Contratos+Publicos&idPagina=1224915242285&language=es&op2=PCON&pagename=PortalContratacion%2FPage%2FPCON_contratosPublicos&tipoServicio=CM_ConvocaPrestac_FA
13 junio 2022 ,,33100000-1,12 Meses,"
Consejería de Sanidad
",Abierto,,,"1.225.575,1",1.012.872,A28017143,2,1,"PHILIPS IBÉRICA, S.A.U.",A.M. 2021/101,"Suministro,respetuoso con el medio ambiente, de equipos de Radiología Vascular Intervencionista y Neurovascular Intervencionista, para varias Comunidades Autónomas, y Organismos de la Administración General del Estado","2.980.438,12 euros
",2.463.172 euros,"
Derivado de acuerdo marco
",,4629198,Adjudicado,"
Contratos adjudicados por procedimientos sin publicidad",,,,Plazo indefinido ,https://www.madrid.org//cs/Satellite?c=CM_ConvocaPrestac_FA&cid=1354931493274&definicion=Contratos+Publicos&idPagina=1224915242285&language=es&op2=PCON&pagename=PortalContratacion%2FPage%2FPCON_contratosPublicos&tipoServicio=CM_ConvocaPrestac_FA
,No,30213100-6,75 Días,"
Vicepresidencia, Consejería de Educación y Universidades
",Abierto,,,"4.429.670,82","3.660.884,97",A28562908),,4,"EYP SCAP, S.A",BAC01/2022,"MRR/PVII/C19/I2 -ADQUISICIÓN DE 7.015 PORTÁTILES ESTÁNDAR DE 15,6""","4.429.670,82 euros
","3.660.884,97 euros","
Derivado de acuerdo marco
",,4555196,Adjudicado,"
Contratos adjudicados por procedimientos sin publicidad",,,"3.660.884,97 euros",Plazo indefinido ,https://www.madrid.org//cs/Satellite?c=CM_ConvocaPrestac_FA&cid=1354923980905&definicion=Contratos+Publicos&idPagina=1224915242285&language=es&op2=PCON&pagename=PortalContratacion%2FPage%2FPCON_contratosPublicos&tipoServicio=CM_ConvocaPrestac_FA
,No,50420000-5,24 Meses,"
Consejería de Sanidad
",Abierto,,,,,,,,,HUH PNSP SE 2022/01,Servicio de mantenimiento integral para equipamiento de endoscopia marca OLYMPUS en el Hospital Universitario del Henares,"113.619 euros
",93.900 euros,"
Negociado sin publicidad
",,4613123,,"
Contratos adjudicados por procedimientos sin publicidad",,Formalizado,234.750 euros,Plazo indefinido ,https://www.madrid.org//cs/Satellite?c=CM_ConvocaPrestac_FA&cid=1354930653718&definicion=Contratos+Publicos&idPagina=1224915242285&language=es&op2=PCON&pagename=PortalContratacion%2FPage%2FPCON_contratosPublicos&tipoServicio=CM_ConvocaPrestac_FA
06 mayo 2022 ,No,72313000-2,87 Días,"
Vicepresidencia, Consejería de Educación y Universidades
",Abierto,,,"58.768,25","48.568,8",B85348365,1,1,"TYPSA ESTADÍSTICA Y SERVICIOS, S.L., ",A/SER-004079/2022 (322O-002/22),Servicios de aplicación y gestión de datos de las pruebas de rendimiento y cuestionarios de contexto para la ampliación de la muestra del estudio PISA 2022 de la Organización para la Cooperación y el Desarrollo Económicos (OCDE) en la Comunidad de Madrid,"58.768,25 euros
","48.568,8 euros","
Negociado sin publicidad
",,4610001,Formalizado,"
Contratos adjudicados por procedimientos sin publicidad",,,"48.568,8 euros",Plazo indefinido ,https://www.madrid.org//cs/Satellite?c=CM_ConvocaPrestac_FA&cid=1354926274097&definicion=Contratos+Publicos&idPagina=1224915242285&language=es&op2=PCON&pagename=PortalContratacion%2FPage%2FPCON_contratosPublicos&tipoServicio=CM_ConvocaPrestac_FA
,No,85311000-2,1 Meses,"
Consejería de Familia, Juventud y Política Social
",Abierto,,,68.978,68.978,G81237257,,1,FUNDACIÓN MANANTIAL,A/SER-017219/2022,"Contrato de emergencia para cubrir los servicios de atención especializada derivados del dispositivo de alojamiento de emergencia para personas con discapacidad por enfermedad mental desplazadas a la Comunidad de Madrid provenientes del “Internado de Pokrovskiy”, con motivo de la invasión rusa a Ucrania.","206.934 euros
",206.934 euros,"
Otros procedimientos: Tramitación de emergencia
","
* Obtención de documentación e información:
",4611321,Formalizado,"
Contratos adjudicados por procedimientos sin publicidad",,Formalizado,206.934 euros,Plazo indefinido ,https://www.madrid.org//cs/Satellite?c=CM_ConvocaPrestac_FA&cid=1354928086913&definicion=Contratos+Publicos&idPagina=1224915242285&language=es&op2=PCON&pagename=PortalContratacion%2FPage%2FPCON_contratosPublicos&tipoServicio=CM_ConvocaPrestac_FA
08 junio 2022 ,,33600000-6,24 Meses,"
Consejería de Sanidad
",Abierto,12 julio 2022 ,22 julio 2022 ,"808.435,99","777.342,3",A08011074,1,1,LABORATORIO NOVARTIS FARMACÉUTICA S.A,GPNSU 2022-3-FAR,"Suministro de medicamentos distribuidos en exclusividad por el laboratorio Novartis Farmacéutica S.A.con destino al servicio de farmacia del Hospital Universitario Puerta de Hierro de Majadahonda,","975.180,17 euros
","937.673,24 euros","
Negociado sin publicidad
","
",4548077,Adjudicado,"
Contratos adjudicados por procedimientos sin publicidad",,Formalizado,"2.625.485,08 euros",Plazo indefinido ,https://www.madrid.org//cs/Satellite?c=CM_ConvocaPrestac_FA&cid=1354920668978&definicion=Contratos+Publicos&idPagina=1224915242285&language=es&op2=PCON&pagename=PortalContratacion%2FPage%2FPCON_contratosPublicos&tipoServicio=CM_ConvocaPrestac_FA
08 junio 2022 ,,33600000-6,24 Meses,"
Consejería de Sanidad
",Abierto,12 julio 2022 ,22 julio 2022 ,"166.744,18","160.330,94",A08011074,2,1,LABORATORIO NOVARTIS FARMACÉUTICA S.A,GPNSU 2022-3-FAR,"Suministro de medicamentos distribuidos en exclusividad por el laboratorio Novartis Farmacéutica S.A.con destino al servicio de farmacia del Hospital Universitario Puerta de Hierro de Majadahonda,","975.180,17 euros
","937.673,24 euros","
Negociado sin publicidad
","
",4548077,Adjudicado,"
Contratos adjudicados por procedimientos sin publicidad",,Formalizado,"2.625.485,08 euros",Plazo indefinido ,https://www.madrid.org//cs/Satellite?c=CM_ConvocaPrestac_FA&cid=1354920668978&definicion=Contratos+Publicos&idPagina=1224915242285&language=es&op2=PCON&pagename=PortalContratacion%2FPage%2FPCON_contratosPublicos&tipoServicio=CM_ConvocaPrestac_FA
12 julio 2022 ,,33600000-6,24 Meses,"
Consejería de Sanidad
",Abierto,10 agosto 2022 ,23 agosto 2022 ,"128.837,28",123.882,B58296773,1,1,"KERN PHARMA, S.L.",GPNSU 2022-4-FAR,Suministro del medicamento REMSIMA distribuido en exclusividad por el laboratorio KERN PHARMA en el Hospital Universitario Puerta de Hierro de Majadahonda ,"128.837,28 euros
",123.882 euros,"
Negociado sin publicidad
","
",4566077,Adjudicado,"
Contratos adjudicados por procedimientos sin publicidad",,Formalizado,"346.869,6 euros",Plazo indefinido ,https://www.madrid.org//cs/Satellite?c=CM_ConvocaPrestac_FA&cid=1354924257001&definicion=Contratos+Publicos&idPagina=1224915242285&language=es&op2=PCON&pagename=PortalContratacion%2FPage%2FPCON_contratosPublicos&tipoServicio=CM_ConvocaPrestac_FA
23 enero 2022 ,No,33690000-3,24 Meses,"
Consejería de Sanidad
",Abierto,28 febrero 2022 ,15 marzo 2022 ,"1.368.722,43","1.316.079,26",B83788950,,1,"KYOWA KIRIN FARMACEUTICA, S.L.U.",PNSP SUM 21-20,Suministro de Medicamentos Exclusivos BUROSUMAB DE KYOWA KIRIN para el Hospital Universitario de Fuenlabrada,"1.368.722,43 euros
","1.316.079,26 euros","
Negociado sin publicidad
",,4411378,Formalizado,"
Contratos adjudicados por procedimientos sin publicidad",,,"3.290.198,16 euros",Plazo indefinido ,https://www.madrid.org//cs/Satellite?c=CM_ConvocaPrestac_FA&cid=1354912573388&definicion=Contratos+Publicos&idPagina=1224915242285&language=es&op2=PCON&pagename=PortalContratacion%2FPage%2FPCON_contratosPublicos&tipoServicio=CM_ConvocaPrestac_FA
,No,33600000-6,24 Meses,"
Consejería de Sanidad
",Abierto,,,,,,,,,HUH PNSP SUM 2021/03,Suministro de medicamentos exclusivos de SANOFI para el Hospital Universitario del Henares,"1.406.024,46 euros
","1.351.946,6 euros","
Negociado sin publicidad
",,4629136,,"
Contratos adjudicados por procedimientos sin publicidad",,Formalizado,"3.244.671,84 euros",Plazo indefinido ,https://www.madrid.org//cs/Satellite?c=CM_ConvocaPrestac_FA&cid=1354931136725&definicion=Contratos+Publicos&idPagina=1224915242285&language=es&op2=PCON&pagename=PortalContratacion%2FPage%2FPCON_contratosPublicos&tipoServicio=CM_ConvocaPrestac_FA
23 enero 2022 ,No,33690000-3,24 Meses,"
Consejería de Sanidad
",Abierto,28 febrero 2022 ,15 marzo 2022 ,"2.023.722,67","1.945.887,18",B80207442,,1,LABORATORIOS ViiV HEALTHCARE S.L.,PNSP SUM 21-12,Suministro de Medicamentos Exclusivos DOLUTEGRAVIR/LAMIVUDINA DE ViiV para el Hospital Universitario de Fuenlabrada,"2.023.722,68 euros
","1.945.887,19 euros","
Negociado sin publicidad
",,4411377,Formalizado,"
Contratos adjudicados por procedimientos sin publicidad",,,"3.891.774,38 euros",Plazo indefinido ,https://www.madrid.org//cs/Satellite?c=CM_ConvocaPrestac_FA&cid=1354912572542&definicion=Contratos+Publicos&idPagina=1224915242285&language=es&op2=PCON&pagename=PortalContratacion%2FPage%2FPCON_contratosPublicos&tipoServicio=CM_ConvocaPrestac_FA
,,33696800-3,12 Meses,"
Consejería de Sanidad
",Abierto,,,,,,,,,A/SUM-004623/2021 ,Suministro de Medicamentos Exclusivos (laboratorio GE Healthcare Bio-Sciences Iohexol e Iodixanol),"630.503 euros
",606.253 euros,"
Negociado sin publicidad
",,4422610,,"
Contratos adjudicados por procedimientos sin publicidad",,,2.425.012 euros,Plazo indefinido ,https://www.madrid.org//cs/Satellite?c=CM_ConvocaPrestac_FA&cid=1354913288901&definicion=Contratos+Publicos&idPagina=1224915242285&language=es&op2=PCON&pagename=PortalContratacion%2FPage%2FPCON_contratosPublicos&tipoServicio=CM_ConvocaPrestac_FA
09 marzo 2022 ,,33600000-6,24 Meses,"
Consejería de Sanidad
",Abierto,05 abril 2022 ,19 abril 2022 ,"2.599.900,16",2.264.400,B08193013,1,1,LABORATORIO BAYER HISPANIA S.L.,GPNSU 2021-23-FAR,Suministro de medicamentos distribuidos en exclusividad por el laboratorio Bayer Hispania con destino al Servicio de Farmacia del Hospital Universitario Puerta de Hierro Majadahonda. ,"2.906.221,85 euros
","2.794.444,08 euros","
Negociado sin publicidad
","
- Hospital Universitario Puerta de Hierro de Majadahonda. Servicio de Contratación Administrativa. C/ Joaquín Rodrigo, 2. 28222. Majadahonda.Teléfono: 91 191 68 37 / 91 191 72 55 / 91 191 74 34 / 91 191 74 00. Telefax: 91 316 28 48.",4397008,Adjudicado,"
Contratos adjudicados por procedimientos sin publicidad",,Formalizado,"7.544.999,02 euros",Plazo indefinido ,https://www.madrid.org//cs/Satellite?c=CM_ConvocaPrestac_FA&cid=1354906764563&definicion=Contratos+Publicos&idPagina=1224915242285&language=es&op2=PCON&pagename=PortalContratacion%2FPage%2FPCON_contratosPublicos&tipoServicio=CM_ConvocaPrestac_FA
23 enero 2022 ,No,33690000-3,12 Meses,"
Consejería de Sanidad
",Abierto,28 febrero 2022 ,15 marzo 2022 ,"1.866.662,77",1.794.868,A08023145,,1,ROCHE FARMA S.A.,PNSP SUM 21-04,Suministro de Medicamentos Exclusivos Ocrelizumab de Roche para el Hospital Universitario de Fuenlabrada,"1.866.664 euros
","1.794.869,23 euros","
Negociado sin publicidad
",,4411375,Formalizado,"
Contratos adjudicados por procedimientos sin publicidad",,,"3.589.738,46 euros",Plazo indefinido ,https://www.madrid.org//cs/Satellite?c=CM_ConvocaPrestac_FA&cid=1354912568519&definicion=Contratos+Publicos&idPagina=1224915242285&language=es&op2=PCON&pagename=PortalContratacion%2FPage%2FPCON_contratosPublicos&tipoServicio=CM_ConvocaPrestac_FA
30 mayo 2022 ,,33600000-6,24 Meses,"
Consejería de Sanidad
",Abierto,28 junio 2022 ,08 julio 2022 ,"29.623,91","740.597,76",A28211092,1,1,"MERCK SHARP & DOHME DE ESPAÑA, S.A.",GPNSU 2021-25-FAR,Suministro de medicamentos distribuidos en exclusividad por el laboratorio MERCK SHARP & DOHME DE ESPAÑA en el Hospital Universitario Puerta de Hierro de Majadahonda,"913.846,35 euros
","878.698,41 euros","
Negociado sin publicidad
","
",4524251,Adjudicado,"
Contratos adjudicados por procedimientos sin publicidad",,Formalizado,"2.460.355,55 euros",Plazo indefinido ,https://www.madrid.org//cs/Satellite?c=CM_ConvocaPrestac_FA&cid=1354918856306&definicion=Contratos+Publicos&idPagina=1224915242285&language=es&op2=PCON&pagename=PortalContratacion%2FPage%2FPCON_contratosPublicos&tipoServicio=CM_ConvocaPrestac_FA
09 marzo 2022 ,,33600000-6,24 Meses,"
Consejería de Sanidad
",Abierto,05 abril 2022 ,19 abril 2022 ,,,,2,,,GPNSU 2021-23-FAR,Suministro de medicamentos distribuidos en exclusividad por el laboratorio Bayer Hispania con destino al Servicio de Farmacia del Hospital Universitario Puerta de Hierro Majadahonda. ,"2.906.221,85 euros
","2.794.444,08 euros","
Negociado sin publicidad
","
- Hospital Universitario Puerta de Hierro de Majadahonda. Servicio de Contratación Administrativa. C/ Joaquín Rodrigo, 2. 28222. Majadahonda.Teléfono: 91 191 68 37 / 91 191 72 55 / 91 191 74 34 / 91 191 74 00. Telefax: 91 316 28 48.",4397008,Desierto,"
Contratos adjudicados por procedimientos sin publicidad",,Formalizado,"7.544.999,02 euros",Plazo indefinido ,https://www.madrid.org//cs/Satellite?c=CM_ConvocaPrestac_FA&cid=1354906764563&definicion=Contratos+Publicos&idPagina=1224915242285&language=es&op2=PCON&pagename=PortalContratacion%2FPage%2FPCON_contratosPublicos&tipoServicio=CM_ConvocaPrestac_FA
09 marzo 2022 ,,33600000-6,24 Meses,"
Consejería de Sanidad
",Abierto,05 abril 2022 ,19 abril 2022 ,"135.710,35","130.490,72",B08193013,3,1,"LABORATORIOS BAYER HISPANIA, S.L.",GPNSU 2021-23-FAR,Suministro de medicamentos distribuidos en exclusividad por el laboratorio Bayer Hispania con destino al Servicio de Farmacia del Hospital Universitario Puerta de Hierro Majadahonda. ,"2.906.221,85 euros
","2.794.444,08 euros","
Negociado sin publicidad
","
- Hospital Universitario Puerta de Hierro de Majadahonda. Servicio de Contratación Administrativa. C/ Joaquín Rodrigo, 2. 28222. Majadahonda.Teléfono: 91 191 68 37 / 91 191 72 55 / 91 191 74 34 / 91 191 74 00. Telefax: 91 316 28 48.",4397008,Adjudicado,"
Contratos adjudicados por procedimientos sin publicidad",,Formalizado,"7.544.999,02 euros",Plazo indefinido ,https://www.madrid.org//cs/Satellite?c=CM_ConvocaPrestac_FA&cid=1354906764563&definicion=Contratos+Publicos&idPagina=1224915242285&language=es&op2=PCON&pagename=PortalContratacion%2FPage%2FPCON_contratosPublicos&tipoServicio=CM_ConvocaPrestac_FA
09 marzo 2022 ,,33600000-6,24 Meses,"
Consejería de Sanidad
",Abierto,05 abril 2022 ,19 abril 2022 ,"164.502,21","158.175,2",B08193013,4,1,"LABORATORIO BAYER HISPANIA, S.L.",GPNSU 2021-23-FAR,Suministro de medicamentos distribuidos en exclusividad por el laboratorio Bayer Hispania con destino al Servicio de Farmacia del Hospital Universitario Puerta de Hierro Majadahonda. ,"2.906.221,85 euros
","2.794.444,08 euros","
Negociado sin publicidad
","
- Hospital Universitario Puerta de Hierro de Majadahonda. Servicio de Contratación Administrativa. C/ Joaquín Rodrigo, 2. 28222. Majadahonda.Teléfono: 91 191 68 37 / 91 191 72 55 / 91 191 74 34 / 91 191 74 00. Telefax: 91 316 28 48.",4397008,Adjudicado,"
Contratos adjudicados por procedimientos sin publicidad",,Formalizado,"7.544.999,02 euros",Plazo indefinido ,https://www.madrid.org//cs/Satellite?c=CM_ConvocaPrestac_FA&cid=1354906764563&definicion=Contratos+Publicos&idPagina=1224915242285&language=es&op2=PCON&pagename=PortalContratacion%2FPage%2FPCON_contratosPublicos&tipoServicio=CM_ConvocaPrestac_FA
30 mayo 2022 ,,33600000-6,24 Meses,"
Consejería de Sanidad
",Abierto,28 junio 2022 ,08 julio 2022 ,"5.524,03","138.100,65",A28211092,2,1,"MERCK SHARP & DOHME DE ESPAÑA, S.A.",GPNSU 2021-25-FAR,Suministro de medicamentos distribuidos en exclusividad por el laboratorio MERCK SHARP & DOHME DE ESPAÑA en el Hospital Universitario Puerta de Hierro de Majadahonda,"913.846,35 euros
","878.698,41 euros","
Negociado sin publicidad
","
",4524251,Adjudicado,"
Contratos adjudicados por procedimientos sin publicidad",,Formalizado,"2.460.355,55 euros",Plazo indefinido ,https://www.madrid.org//cs/Satellite?c=CM_ConvocaPrestac_FA&cid=1354918856306&definicion=Contratos+Publicos&idPagina=1224915242285&language=es&op2=PCON&pagename=PortalContratacion%2FPage%2FPCON_contratosPublicos&tipoServicio=CM_ConvocaPrestac_FA
06 junio 2022 ,,33600000-6,24 Meses,"
Consejería de Sanidad
",Abierto,05 julio 2022 ,15 julio 2022 ,"252.215,81","242.515,2",B87823498,1,1,"ALNYLAND PHARMACEUTICALS SPAIN, S.L.",GPNSU 2022-1-FAR,Suministro del medicamento Onpattro distribuido en exclusividad por el laboratorio ALNYLAM PHARMACEUTICALS SPAIN en el Hospital Universitario Puerta de Hierro de Majadahonda,"252.215,81 euros
","242.515,2 euros","
Negociado sin publicidad
","
- Hospital Universitario Puerta de Hierro de Majadahonda. Servicio de Contratación Administrativa. C/ Joaquín Rodrigo, 2. 28222. Majadahonda.Teléfono: 91 191 68 37 / 91 191 72 55 / 91 191 74 34 / 91 191 74 00. Telefax: 91 316 28 48.",4547040,Adjudicado,"
Contratos adjudicados por procedimientos sin publicidad",,Formalizado,"679.042,56 euros",Plazo indefinido ,https://www.madrid.org//cs/Satellite?c=CM_ConvocaPrestac_FA&cid=1354919597351&definicion=Contratos+Publicos&idPagina=1224915242285&language=es&op2=PCON&pagename=PortalContratacion%2FPage%2FPCON_contratosPublicos&tipoServicio=CM_ConvocaPrestac_FA
,,85320000-8,4 Meses,"
Consejería de Familia, Juventud y Política Social
",Abierto,,,204.228,204.228,G85130771,1,1,FUNDACIÓN LUZ CASANOVA,124/2022,"Desarrollo de un dispositivo de alojamiento, atención social y cobertura de necesidades básicas para mujeres sin hogar motivado por la necesidad de plazas de emergencia. Las usuarias serán mujeres sin hogar en situación de exclusión residencial sobrevenida que recientemente han llegado a la red de atención a personas sin hogar de los municipios de Madrid","204.228 euros
",204.228 euros,"
Otros procedimientos: Tramitación de emergencia
",,4547153,Formalizado,"
Contratos adjudicados por procedimientos sin publicidad",,Formalizado,204.228 euros,Plazo indefinido ,https://www.madrid.org//cs/Satellite?c=CM_ConvocaPrestac_FA&cid=1354920306117&definicion=Contratos+Publicos&idPagina=1224915242285&language=es&op2=PCON&pagename=PortalContratacion%2FPage%2FPCON_contratosPublicos&tipoServicio=CM_ConvocaPrestac_FA
20 octubre 2022 ,,33690000-3,24 Meses,"
Consejería de Sanidad
",Abierto,,,"84.609,41","81.355,2",A78267176,1,1,"Pharma Mar, S.A. ",P.N.S.P. 23/2022 HUP,medicamentos Trabectedina,"93.979,81 euros
","90.365,2 euros","
Negociado sin publicidad
",,4554471,Adjudicado,"
Contratos adjudicados por procedimientos sin publicidad",,,225.913 euros,Plazo indefinido ,https://www.madrid.org//cs/Satellite?c=CM_ConvocaPrestac_FA&cid=1354922914005&definicion=Contratos+Publicos&idPagina=1224915242285&language=es&op2=PCON&pagename=PortalContratacion%2FPage%2FPCON_contratosPublicos&tipoServicio=CM_ConvocaPrestac_FA
20 octubre 2022 ,,33690000-3,24 Meses,"
Consejería de Sanidad
",Abierto,,,"9.370,4",9.010,A78267176,2,1,"Pharma Mar, S.A.",P.N.S.P. 23/2022 HUP,medicamentos Trabectedina,"93.979,81 euros
","90.365,2 euros","
Negociado sin publicidad
",,4554471,Adjudicado,"
Contratos adjudicados por procedimientos sin publicidad",,,225.913 euros,Plazo indefinido ,https://www.madrid.org//cs/Satellite?c=CM_ConvocaPrestac_FA&cid=1354922914005&definicion=Contratos+Publicos&idPagina=1224915242285&language=es&op2=PCON&pagename=PortalContratacion%2FPage%2FPCON_contratosPublicos&tipoServicio=CM_ConvocaPrestac_FA
,,38970000-5,"3,5 Meses","
Fundaciones
",Abierto,,,,,,,,,S111E21E,ADQUISICION DE UN EQUIPO DE MICRO COMPOSICION Y CONFORMACION DE MATERIALES POLIMERICOS COMPUESTOS,"196.202 euros
",162.000 euros,"
Negociado sin publicidad
",,4533536,,"
Contratos adjudicados por procedimientos sin publicidad",,,162.000 euros,Plazo indefinido ,https://www.madrid.org//cs/Satellite?c=CM_ConvocaPrestac_FA&cid=1354919226935&definicion=Contratos+Publicos&idPagina=1224915242285&language=es&op2=PCON&pagename=PortalContratacion%2FPage%2FPCON_contratosPublicos&tipoServicio=CM_ConvocaPrestac_FA
,,38970000-5,4 Meses,"
Fundaciones
",Abierto,,,,,,,,,S222E21E,"Suministro, instalación y puesta a punto de un microscopio de fuerza atómica","418.660 euros
",346.000 euros,"
Negociado sin publicidad
",,4610160,,"
Contratos adjudicados por procedimientos sin publicidad",,,72.660 euros,Plazo indefinido ,https://www.madrid.org//cs/Satellite?c=CM_ConvocaPrestac_FA&cid=1354926988160&definicion=Contratos+Publicos&idPagina=1224915242285&language=es&op2=PCON&pagename=PortalContratacion%2FPage%2FPCON_contratosPublicos&tipoServicio=CM_ConvocaPrestac_FA
10 enero 2022 ,,33600000-6,24 Meses,"
Consejería de Sanidad
",Abierto,04 febrero 2022 ,21 febrero 2022 ,"63.138,82","60.710,4",B58296773,1,1,"KERN PHARMA, S.L.",GPNSU 2021-10-FAR,Suministro del medicamento FENTANILO distribuido en exclusividad por el laboratorio KERN PHARMA en el Hospital Universitario Puerta de Hierro de Majadahonda.,"63.138,81 euros
","60.710,4 euros","
Negociado sin publicidad
","
",4234564,Adjudicado,"
Contratos adjudicados por procedimientos sin publicidad",,Formalizado,"169.989,12 euros",Plazo indefinido ,https://www.madrid.org//cs/Satellite?c=CM_ConvocaPrestac_FA&cid=1354894531116&definicion=Contratos+Publicos&idPagina=1224915242285&language=es&op2=PCON&pagename=PortalContratacion%2FPage%2FPCON_contratosPublicos&tipoServicio=CM_ConvocaPrestac_FA
18 noviembre 2021 ,,33112000-8,1 Meses,"
Consejería de Sanidad
",Abierto,,,"61.560,65","50.876,57",A82866591,1,1,SISTEMAS INTEGRALES DE MEDICINA S.A.U,GPNSU2100027,Suministro de un Ecobroncoscopio Digital HD (Técnica EBUS),"61.573 euros
",50.887 euros,"
Negociado sin publicidad
","
Hospital Universitario del Sureste
",4351042,Adjudicado,"
Contratos adjudicados por procedimientos sin publicidad",,Formalizado,50.887 euros,Plazo indefinido ,https://www.madrid.org//cs/Satellite?c=CM_ConvocaPrestac_FA&cid=1354904626043&definicion=Contratos+Publicos&idPagina=1224915242285&language=es&op2=PCON&pagename=PortalContratacion%2FPage%2FPCON_contratosPublicos&tipoServicio=CM_ConvocaPrestac_FA
03 noviembre 2021 ,No,33690000-3,12 Meses,"
Consejería de Sanidad
",Abierto,15 diciembre 2021 ,03 enero 2022 ,556.036,534.650,A08338279,1,1,"UCB PHARMA, S.A.,",PNSP 2021-3-10,"Suministro de Medicamentos Exclusivos Laboratorio UCB Pharma, S.A.,","556.036 euros
",534.650 euros,"
Negociado sin publicidad
","
*Obtención de documentación e información:",4345627,Adjudicado,"
Contratos adjudicados por procedimientos sin publicidad",,,1.176.230 euros,Plazo indefinido ,https://www.madrid.org//cs/Satellite?c=CM_ConvocaPrestac_FA&cid=1354902221355&definicion=Contratos+Publicos&idPagina=1224915242285&language=es&op2=PCON&pagename=PortalContratacion%2FPage%2FPCON_contratosPublicos&tipoServicio=CM_ConvocaPrestac_FA
,No,"33190000-8, 50420000-5",36 Meses,"
Consejería de Sanidad
",Abierto,,,"797.427,66","659.031,12",A08214157,1,1,Olympus Iberia SAU,2021400038,Suministro en régimen de arrendamiento sin opción a compra de los equipos de endoscopia y el mantenimiento de los equipos de la marca OLYMPUS propiedad del centro destinados al Sº de Digestivo del Hospital Universitario Ramón y Cajal,"1.040.913,68 euros
","860.259,24 euros","
Negociado sin publicidad
","
*Obtención de información:
",4350402,Adjudicado,"
Contratos adjudicados por procedimientos sin publicidad",,,"368.635,08 euros",Plazo indefinido ,https://www.madrid.org//cs/Satellite?c=CM_ConvocaPrestac_FA&cid=1354903886491&definicion=Contratos+Publicos&idPagina=1224915242285&language=es&op2=PCON&pagename=PortalContratacion%2FPage%2FPCON_contratosPublicos&tipoServicio=CM_ConvocaPrestac_FA
,No,"33190000-8, 50420000-5",36 Meses,"
Consejería de Sanidad
",Abierto,,,"243.482,1","201.224,88",A08214157,2,1,Olympus Iberia SAU,2021400038,Suministro en régimen de arrendamiento sin opción a compra de los equipos de endoscopia y el mantenimiento de los equipos de la marca OLYMPUS propiedad del centro destinados al Sº de Digestivo del Hospital Universitario Ramón y Cajal,"1.040.913,68 euros
","860.259,24 euros","
Negociado sin publicidad
","
*Obtención de información:
",4350402,Adjudicado,"
Contratos adjudicados por procedimientos sin publicidad",,,"368.635,08 euros",Plazo indefinido ,https://www.madrid.org//cs/Satellite?c=CM_ConvocaPrestac_FA&cid=1354903886491&definicion=Contratos+Publicos&idPagina=1224915242285&language=es&op2=PCON&pagename=PortalContratacion%2FPage%2FPCON_contratosPublicos&tipoServicio=CM_ConvocaPrestac_FA
29 abril 2022 ,No,33600000-6,24 Meses,"
Consejería de Sanidad
",Abierto,10 junio 2022 ,22 junio 2022 ,"280.266,48",269.487,B80754799,1,1,"GILEAD SCIENCES, S.L.",GPNSU 2021-22-FAR,Suministro de mediamentos distribuidos en exclusividad por el laboratorio Gilead Sciences,"639.091,46 euros
","614.511,02 euros","
Negociado sin publicidad
","
",4350480,Adjudicado,"
Contratos adjudicados por procedimientos sin publicidad",,Formalizado,"1.720.630,86 euros",Plazo indefinido ,https://www.madrid.org//cs/Satellite?c=CM_ConvocaPrestac_FA&cid=1354904378404&definicion=Contratos+Publicos&idPagina=1224915242285&language=es&op2=PCON&pagename=PortalContratacion%2FPage%2FPCON_contratosPublicos&tipoServicio=CM_ConvocaPrestac_FA
29 abril 2022 ,No,33600000-6,24 Meses,"
Consejería de Sanidad
",Abierto,10 junio 2022 ,22 junio 2022 ,"358.789,6",344.990,B80754799,2,1,"GILEAD SCIENCES, S.L.",GPNSU 2021-22-FAR,Suministro de mediamentos distribuidos en exclusividad por el laboratorio Gilead Sciences,"639.091,46 euros
","614.511,02 euros","
Negociado sin publicidad
","
",4350480,Adjudicado,"
Contratos adjudicados por procedimientos sin publicidad",,Formalizado,"1.720.630,86 euros",Plazo indefinido ,https://www.madrid.org//cs/Satellite?c=CM_ConvocaPrestac_FA&cid=1354904378404&definicion=Contratos+Publicos&idPagina=1224915242285&language=es&op2=PCON&pagename=PortalContratacion%2FPage%2FPCON_contratosPublicos&tipoServicio=CM_ConvocaPrestac_FA
09 marzo 2022 ,,33600000-6,24 Meses,"
Consejería de Sanidad
",Abierto,07 abril 2022 ,21 abril 2022 ,"120.251,04",115.626,B08070195,1,1,"MERCK, S.L.",GPNSU 2021-24-FAR,Suministro de medicamentos distribuidos en exclusividad por el laboratorio MERCK en el Hospital Universitario Puerta de Hierro de Majadahonda,"440.259,04 euros
",423.326 euros,"
Negociado sin publicidad
","
- Hospital Universitario Puerta de Hierro de Majadahonda. Servicio de Contratación Administrativa. C/ Joaquín Rodrigo, 2. 28222. Majadahonda.Teléfono: 91 191 68 37 / 91 191 72 55 / 91 191 74 34 / 91 191 74 00. Telefax: 91 316 28 48.",4411318,Adjudicado,"
Contratos adjudicados por procedimientos sin publicidad",,Formalizado,"1.185.312,8 euros",Plazo indefinido ,https://www.madrid.org//cs/Satellite?c=CM_ConvocaPrestac_FA&cid=1354912239023&definicion=Contratos+Publicos&idPagina=1224915242285&language=es&op2=PCON&pagename=PortalContratacion%2FPage%2FPCON_contratosPublicos&tipoServicio=CM_ConvocaPrestac_FA
09 marzo 2022 ,,33600000-6,24 Meses,"
Consejería de Sanidad
",Abierto,07 abril 2022 ,21 abril 2022 ,320.008,307.700,B08070195,2,1,"MERCK, S.L.",GPNSU 2021-24-FAR,Suministro de medicamentos distribuidos en exclusividad por el laboratorio MERCK en el Hospital Universitario Puerta de Hierro de Majadahonda,"440.259,04 euros
",423.326 euros,"
Negociado sin publicidad
","
- Hospital Universitario Puerta de Hierro de Majadahonda. Servicio de Contratación Administrativa. C/ Joaquín Rodrigo, 2. 28222. Majadahonda.Teléfono: 91 191 68 37 / 91 191 72 55 / 91 191 74 34 / 91 191 74 00. Telefax: 91 316 28 48.",4411318,Adjudicado,"
Contratos adjudicados por procedimientos sin publicidad",,Formalizado,"1.185.312,8 euros",Plazo indefinido ,https://www.madrid.org//cs/Satellite?c=CM_ConvocaPrestac_FA&cid=1354912239023&definicion=Contratos+Publicos&idPagina=1224915242285&language=es&op2=PCON&pagename=PortalContratacion%2FPage%2FPCON_contratosPublicos&tipoServicio=CM_ConvocaPrestac_FA
23 enero 2022 ,No,33690000-3,24 Meses,"
Consejería de Sanidad
",Abierto,28 febrero 2022 ,15 marzo 2022 ,130.832,125.800,A59363655,,1,AMGEN S.A.,PNSP SUM 21-21,Suministro de Medicamentos Exclusivos EVOLOCUMAB DE AMGEN para el Hospital Universitario de Fuenlabrada,"130.832 euros
",125.800 euros,"
Negociado sin publicidad
",,4411379,Formalizado,"
Contratos adjudicados por procedimientos sin publicidad",,,377.400 euros,Plazo indefinido ,https://www.madrid.org//cs/Satellite?c=CM_ConvocaPrestac_FA&cid=1354912574993&definicion=Contratos+Publicos&idPagina=1224915242285&language=es&op2=PCON&pagename=PortalContratacion%2FPage%2FPCON_contratosPublicos&tipoServicio=CM_ConvocaPrestac_FA
23 enero 2022 ,No,33690000-3,24 Meses,"
Consejería de Sanidad
",Abierto,28 febrero 2022 ,15 marzo 2022 ,"1.068.208,13","1.027.123,2",B87823498,,1,ALNYLAM PHARMACEUTICALS SPAIN S.L.,PNSP SUM 21-22,Suministro de Medicamentos Exclusivos PATISIRAN DE ALNYLAM PHARMACEUTICALS SPAIN para el Hospital Universitario de Fuenlabrada,"1.068.208,13 euros
","1.027.123,2 euros","
Negociado sin publicidad
",,4411380,Formalizado,"
Contratos adjudicados por procedimientos sin publicidad",,,"3.081.369,6 euros",Plazo indefinido ,https://www.madrid.org//cs/Satellite?c=CM_ConvocaPrestac_FA&cid=1354912576165&definicion=Contratos+Publicos&idPagina=1224915242285&language=es&op2=PCON&pagename=PortalContratacion%2FPage%2FPCON_contratosPublicos&tipoServicio=CM_ConvocaPrestac_FA
26 octubre 2021 ,No,33690000-3,12 Meses,"
Consejería de Sanidad
",Abierto,13 diciembre 2021 ,03 enero 2022 ,"169.060,05","162.557,74",A28058386,1,1,"Lilly, S.A.,",PNSP 2021-3-8,"Suministro de Medicamentos Exclusivos Laboratorio Lilly, S.A.,","169.060,1 euros
","162.557,79 euros","
Negociado sin publicidad
","
*Obtención de documentación e información:",4338733,Adjudicado,"
Contratos adjudicados por procedimientos sin publicidad",,,"357.627,14 euros",Plazo indefinido ,https://www.madrid.org//cs/Satellite?c=CM_ConvocaPrestac_FA&cid=1354901140516&definicion=Contratos+Publicos&idPagina=1224915242285&language=es&op2=PCON&pagename=PortalContratacion%2FPage%2FPCON_contratosPublicos&tipoServicio=CM_ConvocaPrestac_FA
07 octubre 2021 ,,33600000-6,12 Meses,"
Consejería de Sanidad
",Abierto,,,"45.890,21","44.125,2",A08017204,1,1,CHIESI ESPAÑA S.A.,A/SUM-020059/2021,Suministro de medicamentos exclusivos de la empresa Chiesi España S.A.,"45.890,21 euros
","44.125,2 euros","
Negociado sin publicidad
","
- Servicio de Contratación Administrativa del Hospital General Universitario ""Gregorio Marañón"". Calle Doctor Esquerdo, 46. Edificio Administrativo 3ª planta. 28009. Madrid. Teléfono: 91 586 80 40 - Oficinas de Atención al Ciudadano
",4301641,Adjudicado,"
Contratos adjudicados por procedimientos sin publicidad",,,"97.075,44 euros",Plazo indefinido ,https://www.madrid.org//cs/Satellite?c=CM_ConvocaPrestac_FA&cid=1354898705736&definicion=Contratos+Publicos&idPagina=1224915242285&language=es&op2=PCON&pagename=PortalContratacion%2FPage%2FPCON_contratosPublicos&tipoServicio=CM_ConvocaPrestac_FA
,,38970000-5,6 Meses,"
Fundaciones
",Abierto,,,,,,,,,S001E21E,Adquisición de un analizador de Resonancia Magnética Nuclear en Dominio Temporal (TD-RMN 1.4 T y 60 Mhz) con temperatura variable,"77.440 euros
",64.000 euros,"
Negociado sin publicidad
",,4186537,,"
Contratos adjudicados por procedimientos sin publicidad",,Formalizado,64.000 euros,Plazo indefinido ,https://www.madrid.org//cs/Satellite?c=CM_ConvocaPrestac_FA&cid=1354890920246&definicion=Contratos+Publicos&idPagina=1224915242285&language=es&op2=PCON&pagename=PortalContratacion%2FPage%2FPCON_contratosPublicos&tipoServicio=CM_ConvocaPrestac_FA
08 marzo 2022 ,,33600000-6,24 Meses,"
Consejería de Sanidad
",Abierto,04 abril 2022 ,19 abril 2022 ,"1.151.941,35","1.107.635,92",A59363655,1,1,"AMGEN, S.A.",GPNSU 2021-17-FAR,Suministro del medicamento Apremilast distribuido en exclusividad por el laboratorio AMGEN en el Hospital Universitario Puerta de Hierro de Majadahonda.,"1.151.941,35 euros
","1.107.635,92 euros","
Negociado sin publicidad
","
",4301501,Adjudicado,"
Contratos adjudicados por procedimientos sin publicidad",,,"3.101.380,58 euros",Plazo indefinido ,https://www.madrid.org//cs/Satellite?c=CM_ConvocaPrestac_FA&cid=1354898130869&definicion=Contratos+Publicos&idPagina=1224915242285&language=es&op2=PCON&pagename=PortalContratacion%2FPage%2FPCON_contratosPublicos&tipoServicio=CM_ConvocaPrestac_FA
11 marzo 2022 ,,33600000-6,24 Meses,"
Consejería de Sanidad
",Abierto,12 abril 2022 ,26 abril 2022 ,"793.164,65","762.658,32",A08006470,1,1,"BOEHRINGER INGELHEIM ESPAÑA, S.A.",GPNSU 2021-18-FAR,Suministro del medicamento Nintedanib distribuido en exclusividad por el laboratorio BOEHRINGER INGELHEIM ESPAÑA en el Hospital Universitario Puerta de Hierro de Majadahonda.,"793.164,65 euros
","762.658,32 euros","
Negociado sin publicidad
","
",4301408,Adjudicado,"
Contratos adjudicados por procedimientos sin publicidad",,Formalizado,"2.135.443,3 euros",Plazo indefinido ,https://www.madrid.org//cs/Satellite?c=CM_ConvocaPrestac_FA&cid=1354897699508&definicion=Contratos+Publicos&idPagina=1224915242285&language=es&op2=PCON&pagename=PortalContratacion%2FPage%2FPCON_contratosPublicos&tipoServicio=CM_ConvocaPrestac_FA
06 mayo 2022 ,,33600000-6,18 Meses,"
Consejería de Sanidad
",Abierto,10 junio 2022 ,22 junio 2022 ,"2.666.786,04","2.564.217,34",B83086736 ,1,1,"BIOGEN SPAIN, S.L.",GPNSU 2021-5-FAR,Suministro del medicamento Tecfidera distribuido en exclusividad por el laboratorio BIOGEN SPAIN en el Hospital Universidad Puerta de Hierro de Majadahonda,"2.666.786,04 euros
","2.564.217,35 euros","
Negociado sin publicidad
","
",4149516,Adjudicado,"
Contratos adjudicados por procedimientos sin publicidad",,Formalizado,"9.316.656,37 euros",Plazo indefinido ,https://www.madrid.org//cs/Satellite?c=CM_ConvocaPrestac_FA&cid=1354887287165&definicion=Contratos+Publicos&idPagina=1224915242285&language=es&op2=PCON&pagename=PortalContratacion%2FPage%2FPCON_contratosPublicos&tipoServicio=CM_ConvocaPrestac_FA
04 marzo 2022 ,,33600000-6,17 Meses,"
Consejería de Sanidad
",Abierto,04 abril 2022 ,19 abril 2022 ,"1.072.624,84","1.031.370,04",A36002129,1,1,"ASTRAZENECA FARMACÉUTICA SPAIN, S.A.",GPNSU 2021-19-FAR,Suministro de medicamentos distribuidos en exclusividad por el laboratorio ASTRAZENECA FARMACÉUTICA SPAIN en el Hospital Universitario Puerta de Hierro de Majadahonda.,"2.617.218,51 euros
","2.516.556,27 euros","
Negociado sin publicidad
","
",4345455,Adjudicado,"
Contratos adjudicados por procedimientos sin publicidad",,,"9.636.930,19 euros",Plazo indefinido ,https://www.madrid.org//cs/Satellite?c=CM_ConvocaPrestac_FA&cid=1354901249976&definicion=Contratos+Publicos&idPagina=1224915242285&language=es&op2=PCON&pagename=PortalContratacion%2FPage%2FPCON_contratosPublicos&tipoServicio=CM_ConvocaPrestac_FA
04 marzo 2022 ,,33600000-6,17 Meses,"
Consejería de Sanidad
",Abierto,04 abril 2022 ,19 abril 2022 ,"650.640,29","625.615,67",A36002129,2,1,"ASTRAZENECA FARMACÉUTICA SPAIN, S.A.",GPNSU 2021-19-FAR,Suministro de medicamentos distribuidos en exclusividad por el laboratorio ASTRAZENECA FARMACÉUTICA SPAIN en el Hospital Universitario Puerta de Hierro de Majadahonda.,"2.617.218,51 euros
","2.516.556,27 euros","
Negociado sin publicidad
","
",4345455,Adjudicado,"
Contratos adjudicados por procedimientos sin publicidad",,,"9.636.930,19 euros",Plazo indefinido ,https://www.madrid.org//cs/Satellite?c=CM_ConvocaPrestac_FA&cid=1354901249976&definicion=Contratos+Publicos&idPagina=1224915242285&language=es&op2=PCON&pagename=PortalContratacion%2FPage%2FPCON_contratosPublicos&tipoServicio=CM_ConvocaPrestac_FA
04 marzo 2022 ,,33600000-6,17 Meses,"
Consejería de Sanidad
",Abierto,04 abril 2022 ,19 abril 2022 ,"407.101,3","391.443,56",A36002129,3,1,"ASTRAZENECA FARMACÉUTICA SPAIN, S.A.",GPNSU 2021-19-FAR,Suministro de medicamentos distribuidos en exclusividad por el laboratorio ASTRAZENECA FARMACÉUTICA SPAIN en el Hospital Universitario Puerta de Hierro de Majadahonda.,"2.617.218,51 euros
","2.516.556,27 euros","
Negociado sin publicidad
","
",4345455,Adjudicado,"
Contratos adjudicados por procedimientos sin publicidad",,,"9.636.930,19 euros",Plazo indefinido ,https://www.madrid.org//cs/Satellite?c=CM_ConvocaPrestac_FA&cid=1354901249976&definicion=Contratos+Publicos&idPagina=1224915242285&language=es&op2=PCON&pagename=PortalContratacion%2FPage%2FPCON_contratosPublicos&tipoServicio=CM_ConvocaPrestac_FA
04 marzo 2022 ,,33600000-6,17 Meses,"
Consejería de Sanidad
",Abierto,04 abril 2022 ,19 abril 2022 ,"486.852,08",468.127,A36002129,4,1,"ASTRAZENECA FARMACÉUTICA SPAIN, S.A.",GPNSU 2021-19-FAR,Suministro de medicamentos distribuidos en exclusividad por el laboratorio ASTRAZENECA FARMACÉUTICA SPAIN en el Hospital Universitario Puerta de Hierro de Majadahonda.,"2.617.218,51 euros
","2.516.556,27 euros","
Negociado sin publicidad
","
",4345455,Adjudicado,"
Contratos adjudicados por procedimientos sin publicidad",,,"9.636.930,19 euros",Plazo indefinido ,https://www.madrid.org//cs/Satellite?c=CM_ConvocaPrestac_FA&cid=1354901249976&definicion=Contratos+Publicos&idPagina=1224915242285&language=es&op2=PCON&pagename=PortalContratacion%2FPage%2FPCON_contratosPublicos&tipoServicio=CM_ConvocaPrestac_FA
16 junio 2022 ,,33600000-6,18 Meses,"
Consejería de Sanidad
",Abierto,13 julio 2022 ,26 julio 2022 ,"175.488,77","168.739,2",A28925899,1,1,"JANSSEN CILAG, S.A.",GPNSU 2021-6-FAR,Suministro de medicamentos distribuidos en exclusividad por el laboratorio JANSSEN CILAG en el Hospital Universitario Puerta de Hierro de Majadahonda,"2.158.452,13 euros
","2.075.434,74 euros","
Negociado sin publicidad
","
- Hospital Universitario Puerta de Hierro de Majadahonda. Servicio de Contratación Administrativa. C/ Joaquín Rodrigo, 2. 28222. Majadahonda.Teléfono: 91 191 68 37 / 91 191 72 55 / 91 191 74 34 / 91 191 74 00. Telefax: 91 316 28 48.",4150599,Adjudicado,"
Contratos adjudicados por procedimientos sin publicidad",,Formalizado,"7.540.746,22 euros",Plazo indefinido ,https://www.madrid.org//cs/Satellite?c=CM_ConvocaPrestac_FA&cid=1354887486238&definicion=Contratos+Publicos&idPagina=1224915242285&language=es&op2=PCON&pagename=PortalContratacion%2FPage%2FPCON_contratosPublicos&tipoServicio=CM_ConvocaPrestac_FA
16 junio 2022 ,,33600000-6,18 Meses,"
Consejería de Sanidad
",Abierto,13 julio 2022 ,26 julio 2022 ,"407.587,47","391.911,03",A28925899,2,1,"JANSSEN CILAG, S.A.",GPNSU 2021-6-FAR,Suministro de medicamentos distribuidos en exclusividad por el laboratorio JANSSEN CILAG en el Hospital Universitario Puerta de Hierro de Majadahonda,"2.158.452,13 euros
","2.075.434,74 euros","
Negociado sin publicidad
","
- Hospital Universitario Puerta de Hierro de Majadahonda. Servicio de Contratación Administrativa. C/ Joaquín Rodrigo, 2. 28222. Majadahonda.Teléfono: 91 191 68 37 / 91 191 72 55 / 91 191 74 34 / 91 191 74 00. Telefax: 91 316 28 48.",4150599,Adjudicado,"
Contratos adjudicados por procedimientos sin publicidad",,Formalizado,"7.540.746,22 euros",Plazo indefinido ,https://www.madrid.org//cs/Satellite?c=CM_ConvocaPrestac_FA&cid=1354887486238&definicion=Contratos+Publicos&idPagina=1224915242285&language=es&op2=PCON&pagename=PortalContratacion%2FPage%2FPCON_contratosPublicos&tipoServicio=CM_ConvocaPrestac_FA
16 junio 2022 ,,33600000-6,18 Meses,"
Consejería de Sanidad
",Abierto,13 julio 2022 ,26 julio 2022 ,"42.207,75","40.584,38",A28925899,3,1,"JANSSEN CILAG, S.A.",GPNSU 2021-6-FAR,Suministro de medicamentos distribuidos en exclusividad por el laboratorio JANSSEN CILAG en el Hospital Universitario Puerta de Hierro de Majadahonda,"2.158.452,13 euros
","2.075.434,74 euros","
Negociado sin publicidad
","
- Hospital Universitario Puerta de Hierro de Majadahonda. Servicio de Contratación Administrativa. C/ Joaquín Rodrigo, 2. 28222. Majadahonda.Teléfono: 91 191 68 37 / 91 191 72 55 / 91 191 74 34 / 91 191 74 00. Telefax: 91 316 28 48.",4150599,Adjudicado,"
Contratos adjudicados por procedimientos sin publicidad",,Formalizado,"7.540.746,22 euros",Plazo indefinido ,https://www.madrid.org//cs/Satellite?c=CM_ConvocaPrestac_FA&cid=1354887486238&definicion=Contratos+Publicos&idPagina=1224915242285&language=es&op2=PCON&pagename=PortalContratacion%2FPage%2FPCON_contratosPublicos&tipoServicio=CM_ConvocaPrestac_FA
16 junio 2022 ,,33600000-6,18 Meses,"
Consejería de Sanidad
",Abierto,13 julio 2022 ,26 julio 2022 ,"1.359.089,55","1.306.816,88",A28925899,4,1,"JANSSEN CILAG, S.A.",GPNSU 2021-6-FAR,Suministro de medicamentos distribuidos en exclusividad por el laboratorio JANSSEN CILAG en el Hospital Universitario Puerta de Hierro de Majadahonda,"2.158.452,13 euros
","2.075.434,74 euros","
Negociado sin publicidad
","
- Hospital Universitario Puerta de Hierro de Majadahonda. Servicio de Contratación Administrativa. C/ Joaquín Rodrigo, 2. 28222. Majadahonda.Teléfono: 91 191 68 37 / 91 191 72 55 / 91 191 74 34 / 91 191 74 00. Telefax: 91 316 28 48.",4150599,Adjudicado,"
Contratos adjudicados por procedimientos sin publicidad",,Formalizado,"7.540.746,22 euros",Plazo indefinido ,https://www.madrid.org//cs/Satellite?c=CM_ConvocaPrestac_FA&cid=1354887486238&definicion=Contratos+Publicos&idPagina=1224915242285&language=es&op2=PCON&pagename=PortalContratacion%2FPage%2FPCON_contratosPublicos&tipoServicio=CM_ConvocaPrestac_FA
27 octubre 2021 ,No,33690000-3,12 Meses,"
Consejería de Sanidad
",Abierto,14 diciembre 2021 ,03 enero 2022 ,"339.561,54","326.501,48",B28089225,1,1,"Pfizer, s.l.u.,",PNSP 2021-3-9,"Suministro de Medicamentos Exclusivos Laboratorio Pfizer, S.L.U.,","385.172,5 euros
","370.358,18 euros","
Negociado sin publicidad
","
*Obtención de documentación e información:",4345500,Adjudicado,"
Contratos adjudicados por procedimientos sin publicidad",,,814.788 euros,Plazo indefinido ,https://www.madrid.org//cs/Satellite?c=CM_ConvocaPrestac_FA&cid=1354901420870&definicion=Contratos+Publicos&idPagina=1224915242285&language=es&op2=PCON&pagename=PortalContratacion%2FPage%2FPCON_contratosPublicos&tipoServicio=CM_ConvocaPrestac_FA
